Country;Year;Year;Country;Waste_rate;recycling_rate;gdp;higher_education;population;life_expectancy;energy_consumption_in_households;export;import;recycling_percent;geo_long;geo;Waste_Category;Recycling_Category
Austria;2011;2011;Austria;4807.0;2724.0;102.923;76.9;8391643.0;73.9;781.0;40277.2;33219.5;56.67;Austria;AT;Waste_rate-Bin 9;recycling_rate-Bin 8
Austria;2012;2012;Austria;4883.0;2818.0;103.623;77.6;8429991.0;74.4;792.0;42441.8;34802.7;57.71;Austria;AT;Waste_rate-Bin 9;recycling_rate-Bin 8
Austria;2013;2013;Austria;4905.0;2829.0;103.65;77.8;8479823.0;74.5;815.0;43222.2;34311.1;57.68;Austria;AT;Waste_rate-Bin 9;recycling_rate-Bin 8
Austria;2014;2014;Austria;4833.0;2723.0;104.335;79.7;8546356.0;75.0;730.0;44510.9;34113.3;56.34;Austria;AT;Waste_rate-Bin 9;recycling_rate-Bin 8
Austria;2015;2015;Austria;4836.0;2752.0;105.393;80.4;8642699.0;74.9;767.0;45580.3;35135.8;56.91;Austria;AT;Waste_rate-Bin 9;recycling_rate-Bin 8
Austria;2016;2016;Austria;4928.0;2838.0;107.49;80.4;8736668.0;75.7;792.0;44576.5;33965.8;57.59;Austria;AT;Waste_rate-Bin 9;recycling_rate-Bin 8
Austria;2017;2017;Austria;5018.0;2898.0;109.918;80.7;8797566.0;75.7;791.0;46906.0;37831.0;57.75;Austria;AT;Waste_rate-Bin 10;recycling_rate-Bin 8
Austria;2018;2018;Austria;5119.0;2952.0;112.584;81.1;8840521.0;75.7;739.0;49076.3;39731.5;57.67;Austria;AT;Waste_rate-Bin 10;recycling_rate-Bin 8
Austria;2019;2019;Austria;5220.0;3040.0;114.217;81.3;8879920.0;75.9;753.0;51280.2;39288.7;58.24;Austria;AT;Waste_rate-Bin 10;recycling_rate-Bin 9
Austria;2020;2020;Austria;7438.0;4632.0;106.641;81.3;8916864.0;75.9;781.0;46470.1;34868.8;62.27;Austria;AT;Waste_rate-Bin 14;recycling_rate-Bin 13
Austria;2021;2021;Austria;7476.0;4670.0;111.16;81.5;8955797.0;75.9;856.0;53002.0;43879.5;62.47;Austria;AT;Waste_rate-Bin 14;recycling_rate-Bin 13
Belgium;2011;2011;Belgium;5023.0;2732.0;101.695;68.1;11038264.0;73.8;727.0;119435.4;128292.0;54.39;Belgium;BE;Waste_rate-Bin 10;recycling_rate-Bin 8
Belgium;2012;2012;Belgium;4944.0;2638.0;102.446;68.6;11106932.0;74.3;765.0;128548.3;129413.8;53.36;Belgium;BE;Waste_rate-Bin 10;recycling_rate-Bin 7
Belgium;2013;2013;Belgium;4867.0;2570.0;102.917;69.6;11159407.0;74.6;818.0;131923.6;132139.8;52.8;Belgium;BE;Waste_rate-Bin 9;recycling_rate-Bin 7
Belgium;2014;2014;Belgium;4762.0;2560.0;104.541;70.5;11209057.0;74.8;666.0;134149.1;136307.4;53.76;Belgium;BE;Waste_rate-Bin 9;recycling_rate-Bin 7
Belgium;2015;2015;Belgium;4643.0;2484.0;106.675;71.3;11274196.0;74.4;731.0;132771.6;143210.3;53.5;Belgium;BE;Waste_rate-Bin 9;recycling_rate-Bin 7
Belgium;2016;2016;Belgium;4746.0;2541.0;108.027;71.8;11331422.0;75.0;731.0;132590.4;140520.9;53.54;Belgium;BE;Waste_rate-Bin 9;recycling_rate-Bin 7
Belgium;2017;2017;Belgium;4672.0;2517.0;109.776;72.8;11375158.0;75.5;717.0;136957.9;146248.5;53.87;Belgium;BE;Waste_rate-Bin 9;recycling_rate-Bin 7
Belgium;2018;2018;Belgium;4677.0;2542.0;111.745;73.7;11427054.0;75.6;707.0;138232.1;154315.6;54.35;Belgium;BE;Waste_rate-Bin 9;recycling_rate-Bin 7
Belgium;2019;2019;Belgium;4779.0;2613.0;114.249;74.1;11488980.0;75.7;686.0;139397.0;153595.8;54.68;Belgium;BE;Waste_rate-Bin 9;recycling_rate-Bin 7
Belgium;2020;2020;Belgium;8408.0;4318.0;108.238;75.0;11538604.0;75.5;683.0;130393.4;135171.7;51.36;Belgium;BE;Waste_rate-Bin 16;recycling_rate-Bin 12
Belgium;2021;2021;Belgium;8753.0;4861.0;115.654;77.3;11586195.0;76.2;741.0;154339.7;167046.7;55.54;Belgium;BE;Waste_rate-Bin 17;recycling_rate-Bin 13
Bulgaria;2011;2011;Bulgaria;3732.0;979.0;102.09;76.0;7348328.0;67.5;323.0;7946.4;9844.8;26.23;Bulgaria;BG;Waste_rate-Bin 7;recycling_rate-Bin 3
Bulgaria;2012;2012;Bulgaria;3364.0;841.0;102.855;77.0;7305888.0;67.9;322.0;8931.4;10864.7;25.0;Bulgaria;BG;Waste_rate-Bin 7;recycling_rate-Bin 3
Bulgaria;2013;2013;Bulgaria;3135.0;894.0;102.296;77.9;7265115.0;68.4;308.0;9390.3;10787.4;28.52;Bulgaria;BG;Waste_rate-Bin 6;recycling_rate-Bin 3
Bulgaria;2014;2014;Bulgaria;3192.0;736.0;103.268;77.4;7223938.0;67.7;300.0;8767.9;10450.3;23.06;Bulgaria;BG;Waste_rate-Bin 6;recycling_rate-Bin 2
Bulgaria;2015;2015;Bulgaria;3011.0;884.0;106.776;77.8;7177991.0;67.8;306.0;8610.9;9875.4;29.36;Bulgaria;BG;Waste_rate-Bin 6;recycling_rate-Bin 3
Bulgaria;2016;2016;Bulgaria;2881.0;917.0;110.008;78.1;7127822.0;68.8;316.0;8682.0;9380.2;31.83;Bulgaria;BG;Waste_rate-Bin 6;recycling_rate-Bin 3
Bulgaria;2017;2017;Bulgaria;3080.0;1065.0;113.029;78.6;7075947.0;68.8;328.0;10766.9;11357.6;34.58;Bulgaria;BG;Waste_rate-Bin 6;recycling_rate-Bin 3
Bulgaria;2018;2018;Bulgaria;2862.0;901.0;116.075;78.5;7025037.0;69.1;317.0;9916.6;12171.1;31.48;Bulgaria;BG;Waste_rate-Bin 6;recycling_rate-Bin 3
Bulgaria;2019;2019;Bulgaria;3080.0;1065.0;120.759;78.1;6975761.0;70.1;310.0;10673.0;13066.8;34.58;Bulgaria;BG;Waste_rate-Bin 6;recycling_rate-Bin 3
Bulgaria;2020;2020;Bulgaria;2829.0;997.0;115.969;78.5;6934015.0;69.2;344.0;9639.2;11944.5;35.24;Bulgaria;BG;Waste_rate-Bin 6;recycling_rate-Bin 3
Bulgaria;2021;2021;Bulgaria;3058.0;861.0;124.854;79.2;6877743.0;67.8;349.0;11675.4;15438.1;28.16;Bulgaria;BG;Waste_rate-Bin 6;recycling_rate-Bin 3
Croatia;2011;2011;Croatia;1645.0;137.0;99.917;75.4;4280622.0;63.8;617.0;3989.5;6457.1;8.33;Croatia;HR;Waste_rate-Bin 3;recycling_rate-Bin 1
Croatia;2012;2012;Croatia;1670.0;245.0;97.579;76.9;4267558.0;64.3;600.0;4178.1;6318.1;14.67;Croatia;HR;Waste_rate-Bin 3;recycling_rate-Bin 1
Croatia;2013;2013;Croatia;1721.0;257.0;97.192;77.6;4255689.0;65.0;586.0;3837.5;5695.9;14.93;Croatia;HR;Waste_rate-Bin 3;recycling_rate-Bin 1
Croatia;2014;2014;Croatia;1637.0;269.0;96.778;79.0;4238389.0;65.1;526.0;3964.9;4301.3;16.43;Croatia;HR;Waste_rate-Bin 3;recycling_rate-Bin 1
Croatia;2015;2015;Croatia;1654.0;298.0;99.22;79.6;4203604.0;65.5;577.0;4180.5;4344.6;18.02;Croatia;HR;Waste_rate-Bin 3;recycling_rate-Bin 1
Croatia;2016;2016;Croatia;1680.0;353.0;102.754;79.4;4174349.0;66.4;577.0;4480.0;4778.2;21.01;Croatia;HR;Waste_rate-Bin 3;recycling_rate-Bin 1
Croatia;2017;2017;Croatia;1716.0;405.0;106.247;80.1;4124531.0;66.8;579.0;5320.2;5156.6;23.6;Croatia;HR;Waste_rate-Bin 3;recycling_rate-Bin 1
Croatia;2018;2018;Croatia;1768.0;447.0;109.244;81.3;4087843.0;67.6;562.0;4967.7;5625.4;25.28;Croatia;HR;Waste_rate-Bin 4;recycling_rate-Bin 2
Croatia;2019;2019;Croatia;1812.0;547.0;112.958;81.9;4065253.0;68.2;550.0;5195.1;5349.5;30.19;Croatia;HR;Waste_rate-Bin 4;recycling_rate-Bin 2
Croatia;2020;2020;Croatia;1693.0;499.0;103.253;82.5;4047680.0;69.0;563.0;4906.9;5383.8;29.47;Croatia;HR;Waste_rate-Bin 3;recycling_rate-Bin 2
Croatia;2021;2021;Croatia;1767.0;555.0;117.486;83.0;3879000.0;68.8;618.0;6031.8;7511.2;31.41;Croatia;HR;Waste_rate-Bin 4;recycling_rate-Bin 2
Cyprus;2011;2011;Cyprus;575.0;63.0;100.417;71.7;1145086.0;73.6;417.0;542.3;2468.2;10.96;Cyprus;CY;Waste_rate-Bin 1;recycling_rate-Bin 1
Cyprus;2012;2012;Cyprus;574.0;72.0;96.955;73.6;1156556.0;74.7;405.0;660.4;2166.4;12.54;Cyprus;CY;Waste_rate-Bin 1;recycling_rate-Bin 1
Cyprus;2013;2013;Cyprus;532.0;74.0;90.568;74.6;1166968.0;75.3;354.0;848.3;1714.5;13.91;Cyprus;CY;Waste_rate-Bin 1;recycling_rate-Bin 1
Cyprus;2014;2014;Cyprus;513.0;76.0;88.96;73.9;1176995.0;76.8;343.0;1347.0;2512.0;14.81;Cyprus;CY;Waste_rate-Bin 1;recycling_rate-Bin 1
Cyprus;2015;2015;Cyprus;525.0;87.0;92.001;74.5;1187280.0;76.4;382.0;1779.6;2851.5;16.57;Cyprus;CY;Waste_rate-Bin 1;recycling_rate-Bin 1
Cyprus;2016;2016;Cyprus;539.0;87.0;98.049;76.0;1197881.0;78.3;392.0;1699.9;2780.5;16.14;Cyprus;CY;Waste_rate-Bin 1;recycling_rate-Bin 1
Cyprus;2017;2017;Cyprus;537.0;86.0;103.67;77.1;1208523.0;77.7;398.0;1960.9;3703.4;16.01;Cyprus;CY;Waste_rate-Bin 1;recycling_rate-Bin 1
Cyprus;2018;2018;Cyprus;562.0;94.0;109.525;78.1;1218831.0;77.6;385.0;3169.1;4494.2;16.73;Cyprus;CY;Waste_rate-Bin 1;recycling_rate-Bin 1
Cyprus;2019;2019;Cyprus;571.0;95.0;115.59;78.5;1228836.0;77.2;408.0;1828.5;3324.4;16.64;Cyprus;CY;Waste_rate-Bin 1;recycling_rate-Bin 1
Cyprus;2020;2020;Cyprus;543.0;90.0;111.671;79.0;1237537.0;77.0;408.0;1782.5;3230.5;16.57;Cyprus;CY;Waste_rate-Bin 1;recycling_rate-Bin 1
Cyprus;2021;2021;Cyprus;570.0;87.0;122.739;80.3;1244188.0;76.4;394.0;2385.2;3093.1;15.26;Cyprus;CY;Waste_rate-Bin 1;recycling_rate-Bin 1
Czechia;2011;2011;Czechia;3358.0;569.0;101.76;86.1;10496088.0;69.9;654.0;24761.1;30325.7;16.94;Czechia;CZ;Waste_rate-Bin 7;recycling_rate-Bin 2
Czechia;2012;2012;Czechia;3233.0;750.0;100.962;86.6;10510785.0;70.0;677.0;28702.3;29672.4;23.2;Czechia;CZ;Waste_rate-Bin 6;recycling_rate-Bin 2
Czechia;2013;2013;Czechia;3228.0;782.0;100.915;87.1;10514272.0;70.4;691.0;28974.9;27796.9;24.23;Czechia;CZ;Waste_rate-Bin 6;recycling_rate-Bin 3
Czechia;2014;2014;Czechia;3261.0;829.0;103.198;87.6;10525347.0;71.5;623.0;30106.8;29203.5;25.42;Czechia;CZ;Waste_rate-Bin 6;recycling_rate-Bin 3
Czechia;2015;2015;Czechia;3337.0;992.0;108.759;87.6;10546059.0;71.6;642.0;31360.1;32298.5;29.73;Czechia;CZ;Waste_rate-Bin 6;recycling_rate-Bin 3
Czechia;2016;2016;Czechia;3580.0;1202.0;111.518;87.6;10566332.0;71.7;671.0;31747.7;31104.1;33.58;Czechia;CZ;Waste_rate-Bin 7;recycling_rate-Bin 4
Czechia;2017;2017;Czechia;5177.0;1660.0;117.282;87.9;10594438.0;72.1;680.0;33975.9;35771.1;32.06;Czechia;CZ;Waste_rate-Bin 10;recycling_rate-Bin 5
Czechia;2018;2018;Czechia;5248.0;1691.0;121.059;87.9;10629928.0;72.7;663.0;34715.8;40251.1;32.22;Czechia;CZ;Waste_rate-Bin 10;recycling_rate-Bin 5
Czechia;2019;2019;Czechia;5338.0;1777.0;124.727;87.7;10671870.0;73.1;652.0;36608.5;41628.9;33.29;Czechia;CZ;Waste_rate-Bin 10;recycling_rate-Bin 5
Czechia;2020;2020;Czechia;5814.0;2354.0;117.863;87.7;10697858.0;73.1;668.0;33971.7;40533.5;40.49;Czechia;CZ;Waste_rate-Bin 11;recycling_rate-Bin 7
Czechia;2021;2021;Czechia;5991.0;2597.0;122.051;88.0;10505772.0;71.9;749.0;37464.3;47083.1;43.35;Czechia;CZ;Waste_rate-Bin 11;recycling_rate-Bin 7
Denmark;2011;2011;Denmark;4803.0;2036.0;101.337;69.1;5570572.0;74.3;807.0;35369.2;24564.6;42.39;Denmark;DK;Waste_rate-Bin 9;recycling_rate-Bin 6
Denmark;2012;2012;Denmark;4508.0;1914.0;101.566;69.9;5591572.0;75.2;795.0;38491.9;25160.4;42.46;Denmark;DK;Waste_rate-Bin 9;recycling_rate-Bin 6
Denmark;2013;2013;Denmark;4564.0;1975.0;102.514;70.1;5614932.0;75.4;799.0;37504.6;25792.5;43.27;Denmark;DK;Waste_rate-Bin 9;recycling_rate-Bin 6
Denmark;2014;2014;Denmark;4558.0;2069.0;104.174;71.3;5643475.0;75.7;735.0;37025.1;26439.8;45.39;Denmark;DK;Waste_rate-Bin 9;recycling_rate-Bin 6
Denmark;2015;2015;Denmark;4671.0;2214.0;106.615;72.1;5683483.0;75.8;782.0;38703.3;27045.0;47.4;Denmark;DK;Waste_rate-Bin 9;recycling_rate-Bin 6
Denmark;2016;2016;Denmark;4757.0;2300.0;110.075;72.7;5728010.0;75.6;801.0;38616.0;25373.7;48.35;Denmark;DK;Waste_rate-Bin 9;recycling_rate-Bin 7
Denmark;2017;2017;Denmark;4728.0;2251.0;113.181;73.3;5764980.0;75.8;781.0;42103.0;28123.5;47.61;Denmark;DK;Waste_rate-Bin 9;recycling_rate-Bin 6
Denmark;2018;2018;Denmark;4715.0;2352.0;115.433;73.5;5793636.0;75.8;769.0;42484.0;29260.4;49.88;Denmark;DK;Waste_rate-Bin 9;recycling_rate-Bin 7
Denmark;2019;2019;Denmark;4907.0;2528.0;117.157;74.0;5814422.0;75.9;755.0;47032.1;29220.9;51.52;Denmark;DK;Waste_rate-Bin 9;recycling_rate-Bin 7
Denmark;2020;2020;Denmark;4744.0;2135.0;114.317;74.1;5831404.0;76.4;735.0;45823.4;26672.4;45.0;Denmark;DK;Waste_rate-Bin 9;recycling_rate-Bin 6
Denmark;2021;2021;Denmark;4503.0;2592.0;122.141;74.7;5856733.0;75.2;772.0;50099.9;32554.5;57.56;Denmark;DK;Waste_rate-Bin 9;recycling_rate-Bin 7
Estonia;2011;2011;Estonia;399.0;93.0;107.263;82.3;1327439.0;66.7;705.0;4286.4;3378.2;23.31;Estonia;EE;Waste_rate-Bin 1;recycling_rate-Bin 1
Estonia;2012;2012;Estonia;371.0;71.0;110.726;83.2;1322696.0;66.8;734.0;4516.2;3670.3;19.14;Estonia;EE;Waste_rate-Bin 1;recycling_rate-Bin 1
Estonia;2013;2013;Estonia;386.0;68.0;112.341;84.2;1317997.0;67.5;708.0;3863.4;3077.7;17.62;Estonia;EE;Waste_rate-Bin 1;recycling_rate-Bin 1
Estonia;2014;2014;Estonia;470.0;146.0;115.724;82.3;1314545.0;67.9;676.0;3638.8;2951.4;31.06;Estonia;EE;Waste_rate-Bin 1;recycling_rate-Bin 1
Estonia;2015;2015;Estonia;473.0;134.0;117.868;81.7;1315407.0;68.7;652.0;3202.4;2758.5;28.33;Estonia;EE;Waste_rate-Bin 1;recycling_rate-Bin 1
Estonia;2016;2016;Estonia;494.0;138.0;121.587;82.7;1315790.0;69.4;707.0;3387.1;2801.6;27.94;Estonia;EE;Waste_rate-Bin 1;recycling_rate-Bin 1
Estonia;2017;2017;Estonia;514.0;145.0;128.63;82.3;1317384.0;70.0;714.0;3915.8;3173.1;28.21;Estonia;EE;Waste_rate-Bin 1;recycling_rate-Bin 1
Estonia;2018;2018;Estonia;535.0;150.0;133.497;82.1;1321977.0;69.5;712.0;4931.9;4222.1;28.04;Estonia;EE;Waste_rate-Bin 1;recycling_rate-Bin 1
Estonia;2019;2019;Estonia;490.0;151.0;138.882;82.9;1326898.0;70.4;717.0;4516.7;3892.0;30.82;Estonia;EE;Waste_rate-Bin 1;recycling_rate-Bin 1
Estonia;2020;2020;Estonia;509.0;147.0;137.541;83.2;1329522.0;71.9;711.0;4825.3;3760.3;28.88;Estonia;EE;Waste_rate-Bin 1;recycling_rate-Bin 1
Estonia;2021;2021;Estonia;525.0;159.0;147.512;83.3;1330932.0;69.9;725.0;6004.7;5585.9;30.29;Estonia;EE;Waste_rate-Bin 1;recycling_rate-Bin 1
Finland;2011;2011;Finland;2719.0;947.0;102.548;77.1;5388272.0;75.3;945.0;28030.8;25151.4;34.83;Finland;FI;Waste_rate-Bin 5;recycling_rate-Bin 3
Finland;2012;2012;Finland;2738.0;912.0;101.115;78.2;5413971.0;76.1;1008.0;29228.0;23987.2;33.31;Finland;FI;Waste_rate-Bin 5;recycling_rate-Bin 3
Finland;2013;2013;Finland;2682.0;872.0;100.203;79.2;5438972.0;76.4;951.0;27984.8;21551.8;32.51;Finland;FI;Waste_rate-Bin 5;recycling_rate-Bin 3
Finland;2014;2014;Finland;2630.0;856.0;99.837;79.9;5461512.0;76.7;939.0;26930.2;20233.6;32.55;Finland;FI;Waste_rate-Bin 5;recycling_rate-Bin 3
Finland;2015;2015;Finland;2738.0;1111.0;100.38;80.8;5479531.0;77.6;904.0;24935.8;16493.1;40.58;Finland;FI;Waste_rate-Bin 5;recycling_rate-Bin 3
Finland;2016;2016;Finland;2768.0;1164.0;103.202;81.4;5495303.0;77.1;972.0;24138.3;16546.5;42.05;Finland;FI;Waste_rate-Bin 5;recycling_rate-Bin 4
Finland;2017;2017;Finland;2812.0;1140.0;106.497;81.6;5508214.0;77.9;1046.0;27071.9;19446.3;40.54;Finland;FI;Waste_rate-Bin 5;recycling_rate-Bin 3
Finland;2018;2018;Finland;3041.0;1286.0;107.71;82.3;5515525.0;77.8;1032.0;29198.9;21587.8;42.29;Finland;FI;Waste_rate-Bin 6;recycling_rate-Bin 4
Finland;2019;2019;Finland;3123.0;1357.0;109.03;83.1;5521606.0;78.2;1020.0;29696.7;20446.8;43.45;Finland;FI;Waste_rate-Bin 6;recycling_rate-Bin 4
Finland;2020;2020;Finland;3370.0;1419.0;106.462;84.1;5529543.0;78.0;956.0;26494.4;16960.0;42.11;Finland;FI;Waste_rate-Bin 7;recycling_rate-Bin 4
Finland;2021;2021;Finland;3491.0;1361.0;109.484;81.8;5541017.0;77.3;1076.0;30440.1;22093.4;38.99;Finland;FI;Waste_rate-Bin 7;recycling_rate-Bin 4
France;2011;2011;France;34790.0;12794.0;102.193;68.8;65345233.0;75.4;609.0;195308.1;194607.4;36.77;France;FR;Waste_rate-Bin 66;recycling_rate-Bin 35
France;2012;2012;France;34484.0;13012.0;102.513;69.6;65662240.0;75.6;668.0;211462.8;198998.8;37.73;France;FR;Waste_rate-Bin 65;recycling_rate-Bin 35
France;2013;2013;France;34176.0;13230.0;103.104;72.0;66002289.0;75.8;698.0;207640.2;190241.9;38.71;France;FR;Waste_rate-Bin 64;recycling_rate-Bin 36
France;2014;2014;France;34260.0;13612.0;104.089;73.5;66312067.0;76.3;570.0;205459.8;184288.7;39.73;France;FR;Waste_rate-Bin 65;recycling_rate-Bin 37
France;2015;2015;France;34344.0;13994.0;105.248;74.1;66548272.0;76.6;600.0;220122.7;182347.4;40.75;France;FR;Waste_rate-Bin 65;recycling_rate-Bin 38
France;2016;2016;France;36891.0;14661.0;106.401;74.5;66724104.0;76.6;627.0;215602.0;177288.3;39.74;France;FR;Waste_rate-Bin 70;recycling_rate-Bin 40
France;2017;2017;France;37357.0;15005.0;108.839;74.8;66918020.0;76.5;614.0;226797.6;191223.5;40.17;France;FR;Waste_rate-Bin 70;recycling_rate-Bin 40
France;2018;2018;France;37380.0;15227.0;110.869;75.6;67158348.0;76.6;592.0;234970.1;203295.4;40.74;France;FR;Waste_rate-Bin 71;recycling_rate-Bin 41
France;2019;2019;France;37407.0;15354.0;112.912;76.6;67388001.0;76.4;588.0;247855.9;212053.3;41.05;France;FR;Waste_rate-Bin 71;recycling_rate-Bin 41
France;2020;2020;France;36370.0;15178.0;104.398;77.7;67571107.0;76.1;571.0;198404.3;172223.2;41.73;France;FR;Waste_rate-Bin 69;recycling_rate-Bin 41
France;2021;2021;France;38272.0;16746.0;111.116;77.9;67764304.0;76.2;623.0;224530.4;205766.2;43.76;France;FR;Waste_rate-Bin 72;recycling_rate-Bin 45
Germany;2011;2011;Germany;50237.0;31633.0;103.925;81.9;80274983.0;74.7;698.0;494472.1;371799.6;62.97;Germany;DE;Waste_rate-Bin 95;recycling_rate-Bin 85
Germany;2012;2012;Germany;49759.0;32460.0;104.36;82.1;80425823.0;74.7;736.0;541799.2;369105.0;65.23;Germany;DE;Waste_rate-Bin 94;recycling_rate-Bin 87
Germany;2013;2013;Germany;49570.0;31630.0;104.817;82.3;80645605.0;75.2;775.0;540694.6;354780.5;63.81;Germany;DE;Waste_rate-Bin 93;recycling_rate-Bin 85
Germany;2014;2014;Germany;51102.0;33544.0;107.133;80.3;80982500.0;75.6;662.0;555558.1;353607.3;65.64;Germany;DE;Waste_rate-Bin 96;recycling_rate-Bin 90
Germany;2015;2015;Germany;51625.0;34453.0;108.731;80.2;81686611.0;75.2;673.0;592010.7;366360.3;66.74;Germany;DE;Waste_rate-Bin 97;recycling_rate-Bin 92
Germany;2016;2016;Germany;52133.0;34958.0;111.156;80.2;82348669.0;75.3;692.0;585637.7;360662.5;67.06;Germany;DE;Waste_rate-Bin 98;recycling_rate-Bin 94
Germany;2017;2017;Germany;51790.0;34784.0;114.135;80.2;82657002.0;75.3;687.0;617359.5;388945.7;67.16;Germany;DE;Waste_rate-Bin 98;recycling_rate-Bin 93
Germany;2018;2018;Germany;50260.0;33723.0;115.255;80.4;82905782.0;75.2;673.0;624115.1;405650.2;67.1;Germany;DE;Waste_rate-Bin 95;recycling_rate-Bin 90
Germany;2019;2019;Germany;50612.0;33735.0;116.495;80.5;83092962.0;75.4;695.0;631954.1;406979.9;66.65;Germany;DE;Waste_rate-Bin 95;recycling_rate-Bin 91
Germany;2020;2020;Germany;53322.0;37467.0;112.037;80.0;83160871.0;73.7;697.0;573170.0;378449.5;70.27;Germany;DE;Inf;Inf
Germany;2021;2021;Germany;51586.0;34966.0;115.581;78.0;83196078.0;73.3;706.0;632719.7;437236.7;67.78;Germany;DE;Waste_rate-Bin 97;recycling_rate-Bin 94
Greece;2011;2011;Greece;5586.0;992.0;89.851;62.9;11104899.0;74.3;498.0;12617.0;24062.9;17.76;Greece;EL;Waste_rate-Bin 11;recycling_rate-Bin 3
Greece;2012;2012;Greece;5463.0;927.0;83.483;64.1;11045011.0;74.0;461.0;16108.4;26322.8;16.97;Greece;EL;Waste_rate-Bin 10;recycling_rate-Bin 3
Greece;2013;2013;Greece;5284.0;834.0;81.383;65.5;10965211.0;73.7;348.0;15367.5;24792.6;15.78;Greece;EL;Waste_rate-Bin 10;recycling_rate-Bin 3
Greece;2014;2014;Greece;5315.0;820.0;81.77;66.9;10892413.0;73.6;353.0;14962.1;24637.8;15.43;Greece;EL;Waste_rate-Bin 10;recycling_rate-Bin 3
Greece;2015;2015;Greece;5277.0;833.0;81.61;68.5;10820883.0;73.8;412.0;12824.8;20358.6;15.79;Greece;EL;Waste_rate-Bin 10;recycling_rate-Bin 3
Greece;2016;2016;Greece;5367.0;925.0;81.212;70.0;10775971.0;74.0;403.0;12188.7;19391.9;17.23;Greece;EL;Waste_rate-Bin 10;recycling_rate-Bin 3
Greece;2017;2017;Greece;5415.0;1022.0;82.099;70.7;10754679.0;74.1;409.0;14486.5;22354.4;18.87;Greece;EL;Waste_rate-Bin 10;recycling_rate-Bin 3
Greece;2018;2018;Greece;5523.0;1110.0;83.469;71.3;10732882.0;75.3;364.0;16991.5;27030.7;20.1;Greece;EL;Waste_rate-Bin 11;recycling_rate-Bin 3
Greece;2019;2019;Greece;5613.0;1180.0;85.038;74.1;10721582.0;77.0;382.0;16120.8;27160.9;21.02;Greece;EL;Waste_rate-Bin 11;recycling_rate-Bin 4
Greece;2020;2020;Greece;12599.5;5111.5;77.115;75.7;10698599.0;76.8;400.0;13096.6;20978.8;40.57;Greece;EL;Waste_rate-Bin 24;recycling_rate-Bin 14
Greece;2021;2021;Greece;15091.0;5521.0;83.577;76.5;10569207.0;76.1;405.0;18473.6;31632.2;36.58;Greece;EL;Waste_rate-Bin 29;recycling_rate-Bin 15
Hungary;2011;2011;Hungary;3809.0;838.0;101.867;75.7;9971727.0;65.3;659.0;21882.3;23752.5;22.0;Hungary;HU;Waste_rate-Bin 7;recycling_rate-Bin 3
Hungary;2012;2012;Hungary;3988.0;1015.0;100.593;76.5;9920362.0;65.5;643.0;21537.2;23115.0;25.45;Hungary;HU;Waste_rate-Bin 8;recycling_rate-Bin 3
Hungary;2013;2013;Hungary;3738.0;987.0;102.406;77.2;9893082.0;66.3;628.0;21143.1;22720.9;26.4;Hungary;HU;Waste_rate-Bin 7;recycling_rate-Bin 3
Hungary;2014;2014;Hungary;3795.0;1159.0;106.741;78.0;9866468.0;66.4;556.0;19759.6;20978.8;30.54;Hungary;HU;Waste_rate-Bin 7;recycling_rate-Bin 4
Hungary;2015;2015;Hungary;3712.0;1194.0;110.698;78.1;9843028.0;66.3;607.0;20199.7;21006.0;32.17;Hungary;HU;Waste_rate-Bin 7;recycling_rate-Bin 4
Hungary;2016;2016;Hungary;3721.0;1292.0;113.134;78.2;9814023.0;68.2;627.0;20777.5;20598.0;34.72;Hungary;HU;Waste_rate-Bin 7;recycling_rate-Bin 4
Hungary;2017;2017;Hungary;3768.0;1319.0;117.967;78.9;9787966.0;68.3;643.0;22420.1;24624.3;35.01;Hungary;HU;Waste_rate-Bin 7;recycling_rate-Bin 4
Hungary;2018;2018;Hungary;3729.0;1394.0;124.293;79.8;9775564.0;69.3;595.0;23181.0;27775.4;37.38;Hungary;HU;Waste_rate-Bin 7;recycling_rate-Bin 4
Hungary;2019;2019;Hungary;3780.0;1358.0;130.339;80.0;9771141.0;69.5;581.0;23799.9;30240.3;35.93;Hungary;HU;Waste_rate-Bin 7;recycling_rate-Bin 4
Hungary;2020;2020;Hungary;3931.0;1257.0;124.427;80.3;9750149.0;70.0;613.0;22775.1;29804.0;31.98;Hungary;HU;Waste_rate-Bin 8;recycling_rate-Bin 4
Hungary;2021;2021;Hungary;4042.0;1411.0;133.244;80.8;9709891.0;69.9;661.0;26202.8;34767.4;34.91;Hungary;HU;Waste_rate-Bin 8;recycling_rate-Bin 4
Iceland;2011;2011;Iceland;158.0;40.0;101.846;63.1;319014.0;77.1;1162.0;83385.925;68263.075;25.32;Iceland;IS;Waste_rate-Bin 1;recycling_rate-Bin 1
Iceland;2012;2012;Iceland;164.0;46.0;102.929;63.5;320716.0;78.6;1249.0;83984.35;70666.8;28.05;Iceland;IS;Waste_rate-Bin 1;recycling_rate-Bin 1
Iceland;2013;2013;Iceland;167.0;50.0;107.615;64.8;323764.0;77.7;1233.0;79750.925;67745.92499999999;29.94;Iceland;IS;Waste_rate-Bin 1;recycling_rate-Bin 1
Iceland;2014;2014;Iceland;175.0;52.0;109.431;66.4;327386.0;77.8;1175.0;78451.275;70069.325;29.71;Iceland;IS;Waste_rate-Bin 1;recycling_rate-Bin 1
Iceland;2015;2015;Iceland;195.0;55.0;114.286;67.5;330815.0;78.2;1186.0;79243.125;68389.125;28.21;Iceland;IS;Waste_rate-Bin 1;recycling_rate-Bin 1
Iceland;2016;2016;Iceland;220.0;73.0;121.49;70.8;335439.0;77.3;1262.0;78522.4;69147.075;33.18;Iceland;IS;Waste_rate-Bin 1;recycling_rate-Bin 1
Iceland;2017;2017;Iceland;225.0;58.0;126.586;70.3;343400.0;78.0;1230.0;82378.55;73011.70000000001;25.78;Iceland;IS;Waste_rate-Bin 1;recycling_rate-Bin 1
Iceland;2018;2018;Iceland;247.0;68.0;132.775;71.0;352721.0;78.0;1433.0;83512.775;76275.675;27.53;Iceland;IS;Waste_rate-Bin 1;recycling_rate-Bin 1
Iceland;2019;2019;Iceland;4381.0;1923.0;135.246;72.4;360563.0;78.0;1259.0;83725.7;70504.825;43.89;Iceland;IS;Waste_rate-Bin 8;recycling_rate-Bin 6
Iceland;2020;2020;Iceland;225.0;59.0;125.488;72.4;366463.0;77.55;1316.0;87403.1;73476.55;26.22;Iceland;IS;Waste_rate-Bin 1;recycling_rate-Bin 1
Iceland;2021;2021;Iceland;246.0;65.0;131.144;75.2;372520.0;78.4;1344.0;74258.8;53221.4;26.42;Iceland;IS;Waste_rate-Bin 1;recycling_rate-Bin 1
Ireland;2011;2011;Ireland;2823.0;1018.0;101.281;70.9;4580084.0;78.5;697.0;52594.8;36602.7;36.06;Ireland;IE;Waste_rate-Bin 6;recycling_rate-Bin 3
Ireland;2012;2012;Ireland;2693.0;985.0;101.149;71.8;4599533.0;78.6;660.0;52812.7;38521.9;36.58;Ireland;IE;Waste_rate-Bin 5;recycling_rate-Bin 3
Ireland;2013;2013;Ireland;2835.0;451.0;102.338;73.4;4623816.0;78.1;640.0;51631.5;37521.4;15.91;Ireland;IE;Waste_rate-Bin 6;recycling_rate-Bin 2
Ireland;2014;2014;Ireland;2619.0;1043.0;111.373;76.0;4657740.0;78.1;574.0;54708.5;41071.1;39.82;Ireland;IE;Waste_rate-Bin 5;recycling_rate-Bin 3
Ireland;2015;2015;Ireland;2875.0;483.5;138.632;76.5;4701957.0;78.4;605.0;67620.3;45424.2;16.82;Ireland;IE;Waste_rate-Bin 6;recycling_rate-Bin 2
Ireland;2016;2016;Ireland;2763.0;1125.0;141.079;77.0;4755335.0;78.9;619.0;73777.9;45913.4;40.72;Ireland;IE;Waste_rate-Bin 5;recycling_rate-Bin 3
Ireland;2017;2017;Ireland;2768.0;1118.0;154.216;78.2;4807388.0;79.5;594.0;75636.8;50873.4;40.39;Ireland;IE;Waste_rate-Bin 5;recycling_rate-Bin 3
Ireland;2018;2018;Ireland;2912.0;1097.0;167.278;78.5;4867316.0;79.7;625.0;85503.7;56692.5;37.67;Ireland;IE;Waste_rate-Bin 6;recycling_rate-Bin 3
Ireland;2019;2019;Ireland;3086.0;1153.0;176.14;79.0;4934340.0;80.3;602.0;95467.6;55930.8;37.36;Ireland;IE;Waste_rate-Bin 6;recycling_rate-Bin 3
Ireland;2020;2020;Ireland;3210.0;1310.0;187.796;80.4;4985382.0;79.5;642.0;93880.8;54154.6;40.81;Ireland;IE;Waste_rate-Bin 6;recycling_rate-Bin 4
Ireland;2021;2021;Ireland;7808.0;2840.0;216.2;82.3;5033164.0;78.5;608.0;99756.4;63241.0;36.37;Ireland;IE;Waste_rate-Bin 15;recycling_rate-Bin 8
Italy;2011;2011;Italy;31386.0;11129.0;100.707;54.5;59379449.0;73.2;545.0;180511.8;195127.1;35.46;Italy;IT;Waste_rate-Bin 59;recycling_rate-Bin 30
Italy;2012;2012;Italy;29994.0;11516.0;97.705;55.8;59539717.0;73.5;577.0;197271.2;187201.4;38.39;Italy;IT;Waste_rate-Bin 57;recycling_rate-Bin 31
Italy;2013;2013;Italy;29573.0;11654.0;95.907;56.6;60233948.0;73.8;568.0;199999.0;170508.1;39.41;Italy;IT;Waste_rate-Bin 56;recycling_rate-Bin 32
Italy;2014;2014;Italy;29652.0;12337.0;95.902;57.7;60789140.0;74.4;486.0;200986.0;163331.2;41.61;Italy;IT;Waste_rate-Bin 56;recycling_rate-Bin 33
Italy;2015;2015;Italy;29524.0;13067.0;96.649;58.1;60730582.0;74.0;535.0;208673.8;163976.2;44.26;Italy;IT;Waste_rate-Bin 56;recycling_rate-Bin 35
Italy;2016;2016;Italy;30112.0;13814.0;97.899;58.4;60627498.0;77.7;531.0;206272.6;155543.0;45.88;Italy;IT;Waste_rate-Bin 57;recycling_rate-Bin 37
Italy;2017;2017;Italy;29572.0;14121.0;99.531;59.1;60536709.0;78.9;543.0;222026.9;171472.6;47.75;Italy;IT;Waste_rate-Bin 56;recycling_rate-Bin 38
Italy;2018;2018;Italy;30165.0;15009.0;100.453;59.7;60421760.0;78.5;528.0;226042.7;186591.9;49.76;Italy;IT;Waste_rate-Bin 57;recycling_rate-Bin 41
Italy;2019;2019;Italy;30023.0;15435.0;100.938;60.2;59729081.0;78.7;521.0;234904.9;182565.7;51.41;Italy;IT;Waste_rate-Bin 57;recycling_rate-Bin 42
Italy;2020;2020;Italy;28945.0;14872.0;91.88;61.0;59438851.0;73.0;516.0;211925.0;155541.7;51.38;Italy;IT;Waste_rate-Bin 55;recycling_rate-Bin 40
Italy;2021;2021;Italy;29254.0;15174.0;99.519;60.8;59133173.0;77.4;542.0;246169.3;208220.8;51.87;Italy;IT;Waste_rate-Bin 55;recycling_rate-Bin 41
Latvia;2011;2011;Latvia;721.0;70.0;102.574;80.5;2059709.0;63.7;644.0;3465.1;2990.9;9.71;Latvia;LV;Waste_rate-Bin 2;recycling_rate-Bin 1
Latvia;2012;2012;Latvia;658.0;96.0;109.797;82.6;2034319.0;65.4;677.0;4324.2;3230.7;14.59;Latvia;LV;Waste_rate-Bin 1;recycling_rate-Bin 1
Latvia;2013;2013;Latvia;704.0;182.0;112.002;83.4;2012647.0;64.9;630.0;4025.8;2971.8;25.85;Latvia;LV;Waste_rate-Bin 2;recycling_rate-Bin 1
Latvia;2014;2014;Latvia;726.0;196.0;114.132;83.9;1993782.0;64.9;621.0;3963.6;2978.7;27.0;Latvia;LV;Waste_rate-Bin 2;recycling_rate-Bin 1
Latvia;2015;2015;Latvia;798.0;229.0;118.567;84.4;1977527.0;65.8;559.0;3915.3;3049.2;28.7;Latvia;LV;Waste_rate-Bin 2;recycling_rate-Bin 1
Latvia;2016;2016;Latvia;802.0;202.0;121.375;85.1;1959537.0;66.2;584.0;3911.7;2864.8;25.19;Latvia;LV;Waste_rate-Bin 2;recycling_rate-Bin 1
Latvia;2017;2017;Latvia;798.0;198.0;125.396;84.8;1942248.0;65.7;616.0;4744.1;3634.4;24.81;Latvia;LV;Waste_rate-Bin 2;recycling_rate-Bin 1
Latvia;2018;2018;Latvia;785.0;198.0;130.4;84.7;1927174.0;66.5;639.0;5290.7;4660.3;25.22;Latvia;LV;Waste_rate-Bin 2;recycling_rate-Bin 1
Latvia;2019;2019;Latvia;840.0;344.0;131.166;85.1;1913822.0;67.2;621.0;5320.3;4244.4;40.95;Latvia;LV;Waste_rate-Bin 2;recycling_rate-Bin 1
Latvia;2020;2020;Latvia;909.0;361.0;126.557;85.4;1900449.0;68.0;587.0;5444.6;3847.1;39.71;Latvia;LV;Waste_rate-Bin 2;recycling_rate-Bin 1
Latvia;2021;2021;Latvia;869.0;383.0;135.076;85.8;1884490.0;66.8;638.0;6415.8;5544.5;44.07;Latvia;LV;Waste_rate-Bin 2;recycling_rate-Bin 1
Lithuania;2011;2011;Lithuania;1339.0;268.0;106.039;84.1;3028115.0;62.6;506.0;8582.1;10243.1;20.01;Lithuania;LT;Waste_rate-Bin 3;recycling_rate-Bin 1
Lithuania;2012;2012;Lithuania;1330.0;312.0;110.115;85.0;2987773.0;62.8;514.0;10564.7;11090.9;23.46;Lithuania;LT;Waste_rate-Bin 3;recycling_rate-Bin 1
Lithuania;2013;2013;Lithuania;1280.0;356.0;114.024;85.6;2957689.0;63.9;496.0;12142.1;11019.9;27.81;Lithuania;LT;Waste_rate-Bin 3;recycling_rate-Bin 1
Lithuania;2014;2014;Lithuania;1270.0;387.0;118.057;85.8;2932367.0;64.8;478.0;11921.2;9999.1;30.47;Lithuania;LT;Waste_rate-Bin 3;recycling_rate-Bin 1
Lithuania;2015;2015;Lithuania;1300.0;431.0;120.447;86.2;2904910.0;65.5;468.0;9879.6;8950.6;33.15;Lithuania;LT;Waste_rate-Bin 3;recycling_rate-Bin 2
Lithuania;2016;2016;Lithuania;1272.0;611.0;123.481;87.6;2868231.0;65.9;500.0;9848.4;7836.5;48.03;Lithuania;LT;Waste_rate-Bin 3;recycling_rate-Bin 2
Lithuania;2017;2017;Lithuania;1286.0;619.0;128.769;88.0;2828403.0;67.3;515.0;11931.4;9309.6;48.13;Lithuania;LT;Waste_rate-Bin 3;recycling_rate-Bin 2
Lithuania;2018;2018;Lithuania;1301.0;684.0;133.912;88.3;2801543.0;67.8;540.0;12720.5;10486.2;52.57;Lithuania;LT;Waste_rate-Bin 3;recycling_rate-Bin 2
Lithuania;2019;2019;Lithuania;1319.0;655.0;140.159;88.9;2794137.0;67.9;518.0;13321.4;10744.1;49.66;Lithuania;LT;Waste_rate-Bin 3;recycling_rate-Bin 2
Lithuania;2020;2020;Lithuania;1350.0;611.0;140.125;89.2;2794885.0;67.6;513.0;12618.7;8502.6;45.26;Lithuania;LT;Waste_rate-Bin 3;recycling_rate-Bin 2
Lithuania;2021;2021;Lithuania;1345.0;596.0;148.931;89.1;2800839.0;68.0;582.0;14613.6;11863.0;44.31;Lithuania;LT;Waste_rate-Bin 3;recycling_rate-Bin 2
Luxembourg;2011;2011;Luxembourg;345.0;160.0;101.044;70.9;518347.0;74.8;921.0;4041.5;4107.0;46.38;Luxembourg;LU;Waste_rate-Bin 1;recycling_rate-Bin 1
Luxembourg;2012;2012;Luxembourg;346.0;164.0;102.711;71.6;530946.0;75.5;923.0;3876.4;5136.9;47.4;Luxembourg;LU;Waste_rate-Bin 1;recycling_rate-Bin 1
Luxembourg;2013;2013;Luxembourg;335.0;155.0;105.969;73.9;543360.0;75.4;917.0;3024.1;4454.2;46.27;Luxembourg;LU;Waste_rate-Bin 1;recycling_rate-Bin 1
Luxembourg;2014;2014;Luxembourg;348.0;166.0;108.749;75.1;556319.0;75.9;841.0;2975.5;4268.1;47.7;Luxembourg;LU;Waste_rate-Bin 1;recycling_rate-Bin 1
Luxembourg;2015;2015;Luxembourg;346.0;164.0;111.217;69.7;569604.0;75.7;894.0;3213.5;6064.3;47.4;Luxembourg;LU;Waste_rate-Bin 1;recycling_rate-Bin 1
Luxembourg;2016;2016;Luxembourg;474.0;233.0;116.754;71.8;582014.0;74.5;902.0;2996.4;4686.0;49.16;Luxembourg;LU;Waste_rate-Bin 1;recycling_rate-Bin 1
Luxembourg;2017;2017;Luxembourg;476.0;233.0;118.292;69.5;596336.0;74.7;898.0;2749.6;3696.6;48.95;Luxembourg;LU;Waste_rate-Bin 1;recycling_rate-Bin 1
Luxembourg;2018;2018;Luxembourg;488.0;239.0;119.734;72.4;607950.0;74.4;823.0;2640.2;2732.9;48.98;Luxembourg;LU;Waste_rate-Bin 1;recycling_rate-Bin 1
Luxembourg;2019;2019;Luxembourg;491.0;240.0;123.225;73.3;620001.0;75.6;747.0;2950.7;3583.6;48.88;Luxembourg;LU;Waste_rate-Bin 1;recycling_rate-Bin 1
Luxembourg;2020;2020;Luxembourg;498.0;263.0;122.104;72.8;630419.0;76.3;790.0;2377.5;2039.2;52.81;Luxembourg;LU;Waste_rate-Bin 1;recycling_rate-Bin 1
Luxembourg;2021;2021;Luxembourg;508.0;281.0;130.857;74.9;640064.0;77.9;750.0;2730.8;2495.0;55.31;Luxembourg;LU;Waste_rate-Bin 1;recycling_rate-Bin 1
Malta;2011;2011;Malta;259.0;40.0;100.467;42.2;416268.0;77.1;165.0;2001.3;1539.8;15.44;Malta;MT;Waste_rate-Bin 1;recycling_rate-Bin 1
Malta;2012;2012;Malta;257.0;38.0;104.604;44.2;420028.0;77.8;172.0;2140.0;1547.1;14.79;Malta;MT;Waste_rate-Bin 1;recycling_rate-Bin 1
Malta;2013;2013;Malta;257.0;32.0;110.329;46.8;425967.0;78.3;174.0;1616.7;1647.9;12.45;Malta;MT;Waste_rate-Bin 1;recycling_rate-Bin 1
Malta;2014;2014;Malta;273.0;32.0;118.751;49.2;434558.0;79.0;170.0;1200.8;2304.4;11.72;Malta;MT;Waste_rate-Bin 1;recycling_rate-Bin 1
Malta;2015;2015;Malta;285.0;31.0;130.161;51.1;445053.0;78.8;179.0;1402.3;2228.0;10.88;Malta;MT;Waste_rate-Bin 1;recycling_rate-Bin 1
Malta;2016;2016;Malta;292.0;37.0;134.562;53.7;455356.0;79.7;170.0;1763.6;2932.8;12.67;Malta;MT;Waste_rate-Bin 1;recycling_rate-Bin 1
Malta;2017;2017;Malta;312.0;36.0;149.188;55.8;467999.0;78.6;195.0;1178.1;2413.8;11.54;Malta;MT;Waste_rate-Bin 1;recycling_rate-Bin 1
Malta;2018;2018;Malta;326.0;34.0;160.253;59.0;484630.0;78.8;198.0;1266.0;2114.3;10.43;Malta;MT;Waste_rate-Bin 1;recycling_rate-Bin 1
Malta;2019;2019;Malta;351.0;32.0;171.67;61.2;504062.0;79.5;207.0;1270.5;3037.4;9.12;Malta;MT;Waste_rate-Bin 1;recycling_rate-Bin 1
Malta;2020;2020;Malta;331.0;36.0;157.683;63.0;515332.0;79.1;208.0;1224.7;1987.1;10.88;Malta;MT;Waste_rate-Bin 1;recycling_rate-Bin 1
Malta;2021;2021;Malta;317.0;43.0;177.48;66.0;518536.0;79.3;229.0;1345.1;2432.5;13.56;Malta;MT;Waste_rate-Bin 1;recycling_rate-Bin 1
Netherlands;2011;2011;Netherlands;9479.0;4651.0;101.551;68.4;16693074.0;77.4;616.0;145492.2;253711.1;49.07;Netherlands;NL;Waste_rate-Bin 18;recycling_rate-Bin 13
Netherlands;2012;2012;Netherlands;9203.0;4549.0;100.505;69.2;16754962.0;77.3;649.0;163545.5;279555.9;49.43;Netherlands;NL;Waste_rate-Bin 18;recycling_rate-Bin 13
Netherlands;2013;2013;Netherlands;8840.0;4406.0;100.374;71.0;16804432.0;77.9;679.0;165354.2;267440.9;49.84;Netherlands;NL;Waste_rate-Bin 17;recycling_rate-Bin 12
Netherlands;2014;2014;Netherlands;8894.0;4527.0;101.803;71.2;16865008.0;78.0;541.0;166183.6;267028.6;50.9;Netherlands;NL;Waste_rate-Bin 17;recycling_rate-Bin 13
Netherlands;2015;2015;Netherlands;8866.0;4590.0;103.797;71.6;16939923.0;78.0;561.0;172427.6;273516.4;51.77;Netherlands;NL;Waste_rate-Bin 17;recycling_rate-Bin 13
Netherlands;2016;2016;Netherlands;8861.0;4740.0;106.072;72.1;17030314.0;78.3;575.0;173199.8;264558.2;53.49;Netherlands;NL;Waste_rate-Bin 17;recycling_rate-Bin 13
Netherlands;2017;2017;Netherlands;8792.0;4801.0;109.16;73.4;17131296.0;78.6;558.0;193712.2;300559.1;54.61;Netherlands;NL;Waste_rate-Bin 17;recycling_rate-Bin 13
Netherlands;2018;2018;Netherlands;8806.0;4922.0;111.737;74.0;17231624.0;78.6;553.0;209050.1;327014.5;55.89;Netherlands;NL;Waste_rate-Bin 17;recycling_rate-Bin 14
Netherlands;2019;2019;Netherlands;8806.0;5010.0;113.922;74.5;17344874.0;78.4;537.0;219405.7;338786.4;56.89;Netherlands;NL;Waste_rate-Bin 17;recycling_rate-Bin 14
Netherlands;2020;2020;Netherlands;9304.0;5297.0;109.495;76.0;17441500.0;78.4;521.0;201831.9;303680.3;56.93;Netherlands;NL;Waste_rate-Bin 18;recycling_rate-Bin 15
Netherlands;2021;2021;Netherlands;9023.0;5216.0;116.275;76.4;17533044.0;77.7;577.0;217449.3;377127.5;57.81;Netherlands;NL;Waste_rate-Bin 17;recycling_rate-Bin 14
Norway;2011;2011;Norway;2403.0;959.0;101.106;74.6;4953088.0;75.1;865.0;98440.05;88646.65;39.91;Norway;NO;Waste_rate-Bin 5;recycling_rate-Bin 3
Norway;2012;2012;Norway;2392.0;953.0;103.854;75.5;5018573.0;77.0;904.0;99964.1;91157.79999999999;39.84;Norway;NO;Waste_rate-Bin 5;recycling_rate-Bin 3
Norway;2013;2013;Norway;2518.0;987.0;104.909;76.4;5079623.0;76.1;884.0;97883.65;90599.75;39.2;Norway;NO;Waste_rate-Bin 5;recycling_rate-Bin 3
Norway;2014;2014;Norway;2175.0;918.0;107.058;75.4;5137232.0;77.2;822.0;96558.05;94449.65;42.21;Norway;NO;Waste_rate-Bin 4;recycling_rate-Bin 3
Norway;2015;2015;Norway;2187.0;936.0;109.046;75.7;5188607.0;77.7;846.0;97025.54999999999;92433.04999999999;42.8;Norway;NO;Waste_rate-Bin 4;recycling_rate-Bin 3
Norway;2016;2016;Norway;3946.0;1509.0;110.316;75.1;5234519.0;76.6;864.0;98000.9;94847.54999999999;38.24;Norway;NO;Waste_rate-Bin 8;recycling_rate-Bin 4
Norway;2017;2017;Norway;3949.0;1532.0;113.034;75.1;5276968.0;77.4;869.0;100996.4;100113.0;38.79;Norway;NO;Waste_rate-Bin 8;recycling_rate-Bin 5
Norway;2018;2018;Norway;3927.0;1598.0;113.971;76.1;5311916.0;77.2;867.0;102140.85;102049.04999999999;40.69;Norway;NO;Waste_rate-Bin 8;recycling_rate-Bin 5
Norway;2019;2019;Norway;4151.0;1696.0;115.252;76.3;5347896.0;76.7;850.0;99281.6;92060.45000000001;40.86;Norway;NO;Waste_rate-Bin 8;recycling_rate-Bin 5
Norway;2020;2020;Norway;3247.0;1330.0;113.779;76.5;5379475.0;76.6;846.0;109715.30000000002;104666.6;40.96;Norway;NO;Waste_rate-Bin 6;recycling_rate-Bin 4
Norway;2021;2021;Norway;4320.0;1651.0;118.214;75.3;5408320.0;78.4;864.0;74258.8;53221.4;38.22;Norway;NO;Waste_rate-Bin 8;recycling_rate-Bin 5
Poland;2011;2011;Poland;12129.0;1383.0;105.042;82.5;38063255.0;66.5;529.0;38275.1;49529.8;11.4;Poland;PL;Waste_rate-Bin 23;recycling_rate-Bin 4
Poland;2012;2012;Poland;12084.0;1446.0;106.665;83.3;38063164.0;66.7;547.0;44083.0;53983.5;11.97;Poland;PL;Waste_rate-Bin 23;recycling_rate-Bin 4
Poland;2013;2013;Poland;11295.0;1711.0;107.579;83.9;38040196.0;67.4;539.0;48624.1;52831.9;15.15;Poland;PL;Waste_rate-Bin 21;recycling_rate-Bin 5
Poland;2014;2014;Poland;10330.0;2740.0;111.707;84.5;38011735.0;68.3;501.0;47986.4;55655.3;26.52;Poland;PL;Waste_rate-Bin 20;recycling_rate-Bin 8
Poland;2015;2015;Poland;10863.0;3528.0;116.603;84.8;37986412.0;68.2;501.0;49179.6;57013.1;32.48;Poland;PL;Waste_rate-Bin 21;recycling_rate-Bin 10
Poland;2016;2016;Poland;11654.0;4057.0;120.047;85.4;37970087.0;68.9;524.0;49611.7;54894.6;34.81;Poland;PL;Waste_rate-Bin 22;recycling_rate-Bin 11
Poland;2017;2017;Poland;11969.0;4047.0;126.217;86.1;37974826.0;68.8;528.0;54862.3;64180.6;33.81;Poland;PL;Waste_rate-Bin 23;recycling_rate-Bin 11
Poland;2018;2018;Poland;12485.0;4281.0;133.721;86.5;37974750.0;69.5;594.0;57279.2;74259.9;34.29;Poland;PL;Waste_rate-Bin 24;recycling_rate-Bin 12
Poland;2019;2019;Poland;12753.0;4345.0;139.672;86.7;37965475.0;69.7;553.0;62029.3;79432.3;34.07;Poland;PL;Waste_rate-Bin 24;recycling_rate-Bin 12
Poland;2020;2020;Poland;13117.0;5077.0;136.851;87.1;37899070.0;70.2;557.0;62136.8;73768.1;38.71;Poland;PL;Waste_rate-Bin 25;recycling_rate-Bin 14
Poland;2021;2021;Poland;13674.0;5505.0;146.341;87.0;37747124.0;69.8;587.0;71979.9;97430.8;40.26;Poland;PL;Waste_rate-Bin 26;recycling_rate-Bin 15
Portugal;2011;2011;Portugal;5178.0;1041.0;98.304;35.8;10557560.0;67.7;263.0;13172.8;17841.9;20.1;Portugal;PT;Waste_rate-Bin 10;recycling_rate-Bin 3
Portugal;2012;2012;Portugal;4766.0;1243.0;94.315;38.4;10514844.0;68.1;256.0;15473.0;17754.2;26.08;Portugal;PT;Waste_rate-Bin 9;recycling_rate-Bin 4
Portugal;2013;2013;Portugal;4598.0;1187.0;93.445;40.6;10457295.0;68.1;252.0;16640.6;17623.0;25.82;Portugal;PT;Waste_rate-Bin 9;recycling_rate-Bin 4
Portugal;2014;2014;Portugal;4710.0;1430.0;94.185;43.7;10401062.0;68.4;267.0;16952.8;16707.4;30.36;Portugal;PT;Waste_rate-Bin 9;recycling_rate-Bin 4
Portugal;2015;2015;Portugal;4769.0;1423.0;95.873;45.6;10358076.0;68.9;266.0;16918.7;16052.4;29.84;Portugal;PT;Waste_rate-Bin 9;recycling_rate-Bin 4
Portugal;2016;2016;Portugal;4891.0;1513.0;97.809;47.1;10325452.0;70.3;273.0;15987.5;15409.3;30.93;Portugal;PT;Waste_rate-Bin 9;recycling_rate-Bin 4
Portugal;2017;2017;Portugal;5007.0;1458.0;101.239;48.3;10300300.0;71.0;272.0;17875.9;18358.4;29.12;Portugal;PT;Waste_rate-Bin 10;recycling_rate-Bin 4
Portugal;2018;2018;Portugal;5213.0;1519.0;104.124;50.2;10283822.0;71.0;280.0;17469.9;20050.8;29.14;Portugal;PT;Waste_rate-Bin 10;recycling_rate-Bin 4
Portugal;2019;2019;Portugal;5281.0;1526.0;106.917;52.4;10286263.0;71.5;281.0;17535.4;20986.6;28.9;Portugal;PT;Waste_rate-Bin 10;recycling_rate-Bin 4
Portugal;2020;2020;Portugal;5279.0;1413.0;98.042;55.5;10297081.0;72.4;293.0;15387.5;17257.7;26.77;Portugal;PT;Waste_rate-Bin 10;recycling_rate-Bin 4
Portugal;2021;2021;Portugal;5311.0;1617.0;103.667;59.7;10361831.0;72.7;292.0;18108.8;21912.6;30.45;Portugal;PT;Waste_rate-Bin 10;recycling_rate-Bin 5
Romania;2011;2011;Romania;5216.0;610.0;104.517;70.0;20147528.0;68.5;390.0;14447.6;16207.2;11.69;Romania;RO;Waste_rate-Bin 10;recycling_rate-Bin 2
Romania;2012;2012;Romania;5044.0;745.0;106.529;70.8;20058035.0;68.1;402.0;14935.0;15699.2;14.77;Romania;RO;Waste_rate-Bin 10;recycling_rate-Bin 2
Romania;2013;2013;Romania;5071.0;670.0;106.817;71.1;19983693.0;69.0;386.0;17094.9;14666.9;13.21;Romania;RO;Waste_rate-Bin 10;recycling_rate-Bin 2
Romania;2014;2014;Romania;4956.0;648.0;111.218;68.8;19908979.0;69.2;372.0;17339.8;15760.1;13.08;Romania;RO;Waste_rate-Bin 10;recycling_rate-Bin 2
Romania;2015;2015;Romania;4904.0;650.0;114.733;70.6;19815616.0;69.8;372.0;16743.4;15951.9;13.25;Romania;RO;Waste_rate-Bin 9;recycling_rate-Bin 2
Romania;2016;2016;Romania;5143.0;689.0;118.012;72.0;19702267.0;70.9;376.0;16801.9;16949.0;13.4;Romania;RO;Waste_rate-Bin 10;recycling_rate-Bin 2
Romania;2017;2017;Romania;5333.0;745.0;127.685;73.0;19588715.0;70.8;395.0;17700.5;19985.1;13.97;Romania;RO;Waste_rate-Bin 10;recycling_rate-Bin 2
Romania;2018;2018;Romania;5296.0;586.0;135.383;73.7;19473970.0;70.9;399.0;18328.6;22705.1;11.06;Romania;RO;Waste_rate-Bin 10;recycling_rate-Bin 2
Romania;2019;2019;Romania;5430.0;623.0;140.599;74.9;19371648.0;71.1;400.0;18411.7;23509.4;11.47;Romania;RO;Waste_rate-Bin 10;recycling_rate-Bin 2
Romania;2020;2020;Romania;5588.0;663.0;135.429;76.3;19265250.0;70.2;416.0;16004.4;21251.5;11.86;Romania;RO;Waste_rate-Bin 11;recycling_rate-Bin 2
Romania;2021;2021;Romania;5768.0;654.0;143.16;78.4;19122059.0;69.1;458.0;19832.0;27074.5;11.34;Romania;RO;Waste_rate-Bin 11;recycling_rate-Bin 2
Slovenia;2011;2011;Slovenia;852.0;304.0;100.861;80.3;2052843.0;70.3;635.0;6160.5;7462.0;35.68;Slovenia;SI;Waste_rate-Bin 2;recycling_rate-Bin 1
Slovenia;2012;2012;Slovenia;744.0;313.0;98.199;81.0;2057159.0;70.9;610.0;6720.6;7278.2;42.07;Slovenia;SI;Waste_rate-Bin 2;recycling_rate-Bin 1
Slovenia;2013;2013;Slovenia;853.0;297.0;97.188;81.5;2059953.0;72.0;602.0;6889.7;7913.2;34.82;Slovenia;SI;Waste_rate-Bin 2;recycling_rate-Bin 1
Slovenia;2014;2014;Slovenia;892.0;321.0;99.879;81.6;2061980.0;72.5;514.0;7171.6;8202.0;35.99;Slovenia;SI;Waste_rate-Bin 2;recycling_rate-Bin 1
Slovenia;2015;2015;Slovenia;926.0;501.0;102.086;82.6;2063531.0;72.1;565.0;7469.2;8426.7;54.1;Slovenia;SI;Waste_rate-Bin 2;recycling_rate-Bin 2
Slovenia;2016;2016;Slovenia;943.0;523.0;105.345;82.8;2065042.0;73.6;575.0;7904.4;8397.4;55.46;Slovenia;SI;Waste_rate-Bin 2;recycling_rate-Bin 2
Slovenia;2017;2017;Slovenia;974.0;563.0;110.417;83.3;2066388.0;73.8;560.0;8829.6;10156.8;57.8;Slovenia;SI;Waste_rate-Bin 2;recycling_rate-Bin 2
Slovenia;2018;2018;Slovenia;1009.0;594.0;115.336;83.6;2073894.0;74.0;523.0;9487.9;12167.9;58.87;Slovenia;SI;Waste_rate-Bin 2;recycling_rate-Bin 2
Slovenia;2019;2019;Slovenia;1052.0;623.0;119.399;84.2;2088385.0;74.2;506.0;11241.9;14875.6;59.22;Slovenia;SI;Waste_rate-Bin 2;recycling_rate-Bin 2
Slovenia;2020;2020;Slovenia;1024.0;607.0;114.335;85.5;2102419.0;73.7;518.0;12814.8;15246.5;59.28;Slovenia;SI;Waste_rate-Bin 2;recycling_rate-Bin 2
Slovenia;2021;2021;Slovenia;1077.0;655.0;123.743;86.7;2108079.0;74.8;550.0;15678.9;21454.7;60.82;Slovenia;SI;Waste_rate-Bin 2;recycling_rate-Bin 2
Spain;2011;2011;Spain;22672.0;6054.0;99.186;53.0;46742697.0;76.3;334.0;87863.3;128827.9;26.7;Spain;ES;Waste_rate-Bin 43;recycling_rate-Bin 17
Spain;2012;2012;Spain;21896.0;6522.0;96.251;53.6;46773055.0;75.9;332.0;98048.0;131134.8;29.79;Spain;ES;Waste_rate-Bin 41;recycling_rate-Bin 18
Spain;2013;2013;Spain;21184.0;6891.0;94.9;54.4;46620045.0;76.2;319.0;105226.1;125210.6;32.53;Spain;ES;Waste_rate-Bin 40;recycling_rate-Bin 19
Spain;2014;2014;Spain;20836.0;6420.0;96.225;55.5;46480882.0;76.6;318.0;105465.1;127222.8;30.81;Spain;ES;Waste_rate-Bin 39;recycling_rate-Bin 18
Spain;2015;2015;Spain;21158.0;6344.0;99.918;56.5;46444832.0;77.0;329.0;107650.4;124216.0;29.98;Spain;ES;Waste_rate-Bin 40;recycling_rate-Bin 17
Spain;2016;2016;Spain;21542.0;7295.0;102.954;57.4;46484062.0;77.8;308.0;107642.1;119514.8;33.86;Spain;ES;Waste_rate-Bin 41;recycling_rate-Bin 20
Spain;2017;2017;Spain;22018.0;7951.0;106.017;58.2;46593236.0;78.3;309.0;114922.1;138147.5;36.11;Spain;ES;Waste_rate-Bin 42;recycling_rate-Bin 22
Spain;2018;2018;Spain;22229.0;7732.0;108.439;59.2;46797754.0;77.9;324.0;118787.8;149813.5;34.78;Spain;ES;Waste_rate-Bin 42;recycling_rate-Bin 21
Spain;2019;2019;Spain;22262.0;8451.0;110.591;60.4;47134837.0;78.4;306.0;119967.8;151023.7;37.96;Spain;ES;Waste_rate-Bin 42;recycling_rate-Bin 23
Spain;2020;2020;Spain;21989.0;8913.0;98.241;61.8;47365655.0;77.6;307.0;104380.8;123402.8;40.53;Spain;ES;Waste_rate-Bin 42;recycling_rate-Bin 24
Spain;2021;2021;Spain;22374.0;8202.0;104.531;62.1;47415794.0;77.5;311.0;121869.3;161318.4;36.66;Spain;ES;Waste_rate-Bin 42;recycling_rate-Bin 22
Sweden;2011;2011;Sweden;4278.0;2009.0;103.195;75.6;9449213.0;78.1;813.0;68331.8;47879.5;46.96;Sweden;SE;Waste_rate-Bin 8;recycling_rate-Bin 6
Sweden;2012;2012;Sweden;4324.0;2026.0;102.588;76.2;9519374.0;78.2;846.0;68004.6;50175.8;46.85;Sweden;SE;Waste_rate-Bin 8;recycling_rate-Bin 6
Sweden;2013;2013;Sweden;4371.0;2108.0;103.807;77.1;9600379.0;78.8;801.0;61618.2;44892.1;48.23;Sweden;SE;Waste_rate-Bin 8;recycling_rate-Bin 6
Sweden;2014;2014;Sweden;4295.0;2119.0;106.566;77.9;9696110.0;78.9;746.0;60344.5;45689.0;49.34;Sweden;SE;Waste_rate-Bin 8;recycling_rate-Bin 6
Sweden;2015;2015;Sweden;4422.0;2103.0;111.35;78.4;9799186.0;79.0;756.0;61460.7;44345.2;47.56;Sweden;SE;Waste_rate-Bin 9;recycling_rate-Bin 6
Sweden;2016;2016;Sweden;4439.0;2149.0;113.655;78.9;9923085.0;78.3;772.0;59043.9;43446.6;48.41;Sweden;SE;Waste_rate-Bin 9;recycling_rate-Bin 6
Sweden;2017;2017;Sweden;4551.0;2130.0;116.574;78.9;10057698.0;78.3;765.0;63760.7;45910.4;46.8;Sweden;SE;Waste_rate-Bin 9;recycling_rate-Bin 6
Sweden;2018;2018;Sweden;4416.0;2024.0;118.847;79.1;10175214.0;78.4;736.0;64884.7;50502.3;45.83;Sweden;SE;Waste_rate-Bin 9;recycling_rate-Bin 6
Sweden;2019;2019;Sweden;4611.0;2150.0;121.208;79.2;10278887.0;79.3;716.0;68169.8;48949.2;46.63;Sweden;SE;Waste_rate-Bin 9;recycling_rate-Bin 6
Sweden;2020;2020;Sweden;4460.0;1707.0;118.577;79.3;10353442.0;78.5;694.0;65090.9;42286.5;38.27;Sweden;SE;Waste_rate-Bin 9;recycling_rate-Bin 5
Sweden;2021;2021;Sweden;4352.0;1720.0;125.866;79.9;10415811.0;78.4;756.0;74258.8;53221.4;39.52;Sweden;SE;Waste_rate-Bin 8;recycling_rate-Bin 5
United Kingdom;2011;2011;United Kingdom;31066.0;13056.0;101.276;76.2;63258810.0;77.0;597.0;113494.175;109030.225;42.03;United Kingdom;UK;Waste_rate-Bin 59;recycling_rate-Bin 35
United Kingdom;2012;2012;United Kingdom;30413.0;12961.0;102.724;77.8;63700215.0;75.0;643.0;115943.85;111648.79999999999;42.62;United Kingdom;UK;Waste_rate-Bin 57;recycling_rate-Bin 35
United Kingdom;2013;2013;United Kingdom;30890.0;13353.0;104.97;78.3;64128273.0;75.3;646.0;116016.375;113453.57499999998;43.23;United Kingdom;UK;Waste_rate-Bin 58;recycling_rate-Bin 36
United Kingdom;2014;2014;United Kingdom;31129.0;13510.0;107.975;79.1;64602298.0;75.2;554.0;114664.82500000001;118829.97499999999;43.4;United Kingdom;UK;Waste_rate-Bin 59;recycling_rate-Bin 37
United Kingdom;2015;2015;United Kingdom;31475.0;13630.0;110.527;79.7;65116219.0;75.3;572.0;114807.97499999999;116476.97499999999;43.3;United Kingdom;UK;Waste_rate-Bin 59;recycling_rate-Bin 37
United Kingdom;2016;2016;United Kingdom;31710.0;13938.0;112.43;79.5;65611593.0;75.1;579.0;117479.4;120548.025;43.95;United Kingdom;UK;Waste_rate-Bin 60;recycling_rate-Bin 38
United Kingdom;2017;2017;United Kingdom;30912.0;13531.0;114.387;80.0;66058859.0;76.3;557.0;119614.25;127214.30000000002;43.77;United Kingdom;UK;Waste_rate-Bin 58;recycling_rate-Bin 37
United Kingdom;2018;2018;United Kingdom;30786.0;13577.0;115.82;80.3;66460344.0;76.0;576.0;120768.925;127822.42499999999;44.1;United Kingdom;UK;Waste_rate-Bin 58;recycling_rate-Bin 37
United Kingdom;2019;2019;United Kingdom;6279.5;3007.0;117.407;80.9;66836327.0;76.1;571.0;114837.5;113616.07500000001;47.89;United Kingdom;UK;Waste_rate-Bin 12;recycling_rate-Bin 8
United Kingdom;2020;2020;United Kingdom;6000.0;3095.5;114.7165;76.9;67081234.0;76.4;793.5;132027.5;135856.65000000002;51.59;United Kingdom;UK;Waste_rate-Bin 11;recycling_rate-Bin 9
United Kingdom;2021;2021;United Kingdom;4320.0;1651.0;118.214;75.3;67026292.0;78.4;864.0;74258.8;53221.4;38.22;United Kingdom;UK;Waste_rate-Bin 8;recycling_rate-Bin 5
